assists,evGoals,evPoints,faceoffWinPct,gameWinningGoals,gamesPlayed,goals,lastName,otGoals,penaltyMinutes,playerId,plusMinus,points,pointsPerGame,positionCode,ppGoals,ppPoints,seasonId,shGoals,shPoints,shootingPct,shootsCatches,shots,skaterFullName,teamAbbrevs,timeOnIcePerGame
0,1,1, ,0,1,1,Kucherov,0,0,8476453,1,1,1.0,R,0,0,20242025,0,0,0.25,L,4,Nikita Kucherov,TBL,1615.0
0,0,0, ,0,1,0,Hedman,0,0,8475167,-1,0,0.0,D,0,0,20242025,0,0,0.0,L,3,Victor Hedman,TBL,1428.0
0,0,0, ,0,1,0,Raddysh,0,0,8478178,-1,0,0.0,D,0,0,20242025,0,0,0.0,R,2,Darren Raddysh,TBL,1445.0
0,0,0, ,0,1,0,Savard,0,0,8475233,-1,0,0.0,D,0,0,20242025,0,0,0.0,R,2,David Savard,MTL,1127.0
0,0,0,0.25,0,1,0,Dach,0,0,8481523,0,0,0.0,C,0,0,20242025,0,0,0.0,R,1,Kirby Dach,MTL,803.0
0,0,0,0.5,0,1,0,Anderson,0,0,8476981,0,0,0.0,R,0,0,20242025,0,0, ,R,0,Josh Anderson,MTL,843.0
0,0,0,0.55555,0,1,0,Paul,0,0,8477426,0,0,0.0,L,0,0,20242025,0,0,0.0,L,2,Nick Paul,TBL,1051.0
0,0,0, ,0,1,0,McDonagh,0,0,8474151,1,0,0.0,D,0,0,20242025,0,0, ,L,0,Ryan McDonagh,TBL,1126.0
1,0,1, ,0,1,0,Eyssimont,0,0,8479591,0,1,1.0,C,0,0,20242025,0,0,0.0,L,2,Michael Eyssimont,TBL,681.0
0,1,1,0.25,0,1,1,Guentzel,0,0,8477404,0,1,1.0,C,0,0,20242025,0,0,0.2,L,5,Jake Guentzel,TBL,1097.0
1,0,1, ,0,1,0,Lilleberg,0,0,8482929,0,1,1.0,D,0,0,20242025,0,0,0.0,L,1,Emil Lilleberg,TBL,859.0
1,0,1, ,0,1,0,Armia,0,0,8476469,1,1,1.0,R,0,0,20242025,0,0,0.0,R,3,Joel Armia,MTL,1018.0
0,0,0,0.58333,0,1,0,Point,0,0,8478010,-1,0,0.0,C,0,0,20242025,0,0,0.0,R,5,Brayden Point,TBL,1195.0
0,1,1,0.44444,0,1,1,Newhook,0,0,8481618,0,1,1.0,C,0,0,20242025,0,0,1.0,L,1,Alex Newhook,MTL,863.0
0,1,1,0.63157,1,1,1,Evans,0,0,8478133,1,1,1.0,C,0,0,20242025,0,0,0.5,R,2,Jake Evans,MTL,979.0
1,0,0, ,0,1,0,Hutson,0,2,8483457,0,1,1.0,D,0,1,20242025,0,0,0.0,L,1,Lane Hutson,MTL,1261.0
0,0,0,0.41666,0,1,0,Suzuki,0,0,8480018,0,0,0.0,C,0,0,20242025,0,0,0.0,R,1,Nick Suzuki,MTL,1194.0
0,0,0,0.45454,0,1,0,Dvorak,0,2,8477989,-1,0,0.0,C,0,0,20242025,0,0, ,L,0,Christian Dvorak,MTL,851.0
0,0,0, ,0,1,0,Xhekaj,0,0,8482964,-1,0,0.0,D,0,0,20242025,0,0,0.0,L,2,Arber Xhekaj,MTL,800.0
0,0,0, ,0,1,0,Beck,0,0,8483424,0,0,0.0,C,0,0,20242025,0,0, ,R,0,Owen Beck,MTL,417.0
0,0,0, ,0,1,0,Guhle,0,0,8482087,1,0,0.0,D,0,0,20242025,0,0, ,L,0,Kaiden Guhle,MTL,1284.0
0,0,0,1.0,0,1,0,Chaffee,0,0,8482070,-1,0,0.0,R,0,0,20242025,0,0, ,R,0,Mitchell Chaffee,TBL,617.0
0,0,0, ,0,1,0,Atkinson,0,0,8474715,-1,0,0.0,R,0,0,20242025,0,0, ,R,0,Cam Atkinson,TBL,429.0
2,0,1, ,0,1,0,Laine,0,0,8479339,0,2,2.0,L,0,1,20242025,0,0,0.0,R,3,Patrik Laine,MTL,878.0
0,0,0, ,0,1,0,Hagel,0,0,8479542,1,0,0.0,L,0,0,20242025,0,0,0.0,L,3,Brandon Hagel,TBL,1369.0
0,0,0, ,0,1,0,Geekie,0,2,8483447,0,0,0.0,C,0,0,20242025,0,0,0.0,L,1,Conor Geekie,TBL,669.0
0,0,0,0.5,0,1,0,Glendening,0,0,8476822,0,0,0.0,C,0,0,20242025,0,0,0.0,R,1,Luke Glendening,TBL,464.0
0,0,0, ,0,1,0,Gallagher,0,2,8475848,-1,0,0.0,R,0,0,20242025,0,0, ,R,0,Brendan Gallagher,MTL,681.0
1,0,1,0.5,0,1,0,Cirelli,0,0,8478519,1,1,1.0,C,0,0,20242025,0,0,0.0,L,3,Anthony Cirelli,TBL,1289.0
0,0,0, ,0,1,0,Caufield,0,0,8481540,0,0,0.0,R,0,0,20242025,0,0,0.0,R,1,Cole Caufield,MTL,916.0
0,0,0, ,0,1,0,Girgensons,0,0,8476878,0,0,0.0,C,0,0,20242025,0,0,0.0,L,1,Zemgus Girgensons,TBL,771.0
0,0,0, ,0,1,0,Crozier,0,0,8481719,1,0,0.0,D,0,0,20242025,0,0,0.0,R,1,Maxwell Crozier,TBL,1121.0
1,0,1, ,0,1,0,Carrier,0,0,8478851,2,1,1.0,D,0,0,20242025,0,0,0.0,R,1,Alexandre Carrier,NSH,1202.0
0,0,0, ,0,1,1,Slafkovsky,0,0,8483515,0,1,1.0,L,1,1,20242025,0,0,0.25,L,4,Juraj Slafkovsky,MTL,981.0
0,0,0, ,0,1,0,Matheson,0,2,8476875,-1,0,0.0,D,0,0,20242025,0,0, ,L,0,Mike Matheson,MTL,1422.0
0,0,0, ,0,1,0,Perbix,0,2,8480246,0,0,0.0,D,0,0,20242025,0,0,0.0,R,1,Nick Perbix,TBL,727.0
0,0,0,0.5,0,1,0,Gaudette,0,0,8478874,0,0,0.0,R,0,0,20242025,0,0,0.0,R,1,Adam Gaudette,OTT,749.0
0,1,1, ,0,1,1,Kaliyev,0,0,8481560,1,1,1.0,R,0,0,20242025,0,0,0.5,L,2,Arthur Kaliyev,NYR,676.0
1,1,1, ,1,1,1,Lafrenière,0,0,8482109,1,2,2.0,L,0,1,20242025,0,0,1.0,L,1,Alexis Lafrenière,NYR,959.0
1,0,1,0.5,0,1,0,Carrick,0,0,8475842,1,1,1.0,C,0,0,20242025,0,0, ,R,0,Sam Carrick,NYR,718.0
0,0,0, ,0,1,0,Kreider,0,0,8475184,1,0,0.0,L,0,0,20242025,0,0,0.0,L,1,Chris Kreider,NYR,1026.0
1,0,0,0.77777,0,1,0,Zibanejad,0,0,8476459,0,1,1.0,C,0,1,20242025,0,0,0.0,R,2,Mika Zibanejad,NYR,1037.0
0,0,0, ,0,1,1,Panarin,0,0,8478550,1,1,1.0,L,1,1,20242025,0,0,0.2,R,5,Artemi Panarin,NYR,1103.0
1,0,0, ,0,1,0,Miller,0,0,8480817,0,1,1.0,D,0,1,20242025,0,0, ,L,0,K'Andre Miller,NYR,1384.0
0,0,0, ,0,1,0,Matinpalo,0,2,8484321,-2,0,0.0,D,0,0,20242025,0,0,0.0,R,2,Nikolas Matinpalo,OTT,850.0
0,1,1, ,0,1,1,Rempe,0,4,8482460,1,1,1.0,C,0,0,20242025,0,0,0.25,R,4,Matt Rempe,NYR,552.0
1,0,1,0.0,0,1,0,Edstrom,0,0,8481726,1,1,1.0,C,0,0,20242025,0,0, ,L,0,Adam Edstrom,NYR,703.0
0,0,0, ,0,1,0,Borgen,0,2,8478840,0,0,0.0,D,0,0,20242025,0,0, ,R,0,Will Borgen,SEA,1083.0
1,0,1,0.47058,0,1,0,Trocheck,0,0,8476389,1,1,1.0,C,0,0,20242025,0,0,0.0,R,4,Vincent Trocheck,NYR,1084.0
0,0,0, ,0,1,0,Jensen,0,0,8475324,0,0,0.0,D,0,0,20242025,0,0, ,R,0,Nick Jensen,OTT,1148.0
0,0,0, ,0,1,0,Sanderson,0,0,8482105,-1,0,0.0,D,0,0,20242025,0,0,0.0,L,1,Jake Sanderson,OTT,1241.0
1,0,1, ,0,1,0,Schneider,0,0,8482073,1,1,1.0,D,0,0,20242025,0,0,0.0,R,3,Braden Schneider,NYR,1109.0
0,0,0,0.66666,0,1,0,Pinto,0,2,8481596,0,0,0.0,C,0,0,20242025,0,0,0.0,R,2,Shane Pinto,OTT,1175.0
0,0,0, ,0,1,0,Zub,0,0,8482245,-1,0,0.0,D,0,0,20242025,0,0,0.0,R,1,Artem Zub,OTT,1330.0
0,0,0, ,0,1,0,Batherson,0,0,8480208,-1,0,0.0,R,0,0,20242025,0,0, ,R,0,Drake Batherson,OTT,1031.0
0,0,0,0.5,0,1,0,Amadio,0,2,8478020,0,0,0.0,R,0,0,20242025,0,0, ,R,0,Michael Amadio,OTT,921.0
0,0,0,0.0,0,1,0,Stützle,0,2,8482116,-1,0,0.0,C,0,0,20242025,0,0, ,L,0,Tim Stützle,OTT,1159.0
0,0,0,0.57142,0,1,0,Giroux,0,0,8473512,-2,0,0.0,R,0,0,20242025,0,0,0.0,R,1,Claude Giroux,OTT,907.0
0,0,0,0.4,0,1,0,Chytil,0,2,8480078,1,0,0.0,C,0,0,20242025,0,0,0.0,L,1,Filip Chytil,NYR,1109.0
0,0,0,0.375,0,1,0,Ostapchuk,0,0,8482859,-1,0,0.0,C,0,0,20242025,0,0, ,L,0,Zack Ostapchuk,OTT,755.0
0,0,0, ,0,1,0,Cousins,0,0,8476393,-1,0,0.0,C,0,0,20242025,0,0, ,L,0,Nick Cousins,OTT,788.0
0,0,0, ,0,1,0,Smith,0,0,8475191,0,0,0.0,R,0,0,20242025,0,0,0.0,L,1,Reilly Smith,NYR,925.0
0,0,0,0.0,0,1,1,Cuylle,0,0,8482157,0,1,1.0,L,1,1,20242025,0,0,0.33333,L,3,Will Cuylle,NYR,1020.0
2,0,1, ,0,1,0,Fox,0,0,8479323,2,2,2.0,D,0,1,20242025,0,0,0.0,R,1,Adam Fox,NYR,1229.0
1,0,1, ,0,1,0,Vaakanainen,0,0,8480001,1,1,1.0,D,0,0,20242025,0,0, ,L,0,Urho Vaakanainen,ANA,989.0
0,0,0,0.25,0,1,0,Norris,0,0,8480064,-1,0,0.0,C,0,0,20242025,0,0, ,L,0,Josh Norris,OTT,227.0
0,0,0, ,0,1,0,Highmore,0,0,8478146,-1,0,0.0,C,0,0,20242025,0,0,0.0,L,4,Matthew Highmore,OTT,793.0
0,0,0,0.25,0,1,0,Greig,0,0,8482092,-1,0,0.0,C,0,0,20242025,0,0,0.0,L,1,Ridly Greig,OTT,1076.0
0,0,0,0.0,0,1,0,Tkachuk,0,6,8480801,0,0,0.0,L,0,0,20242025,0,0,0.0,L,4,Brady Tkachuk,OTT,1004.0
0,0,0, ,0,1,0,Chabot,0,0,8478469,0,0,0.0,D,0,0,20242025,0,0,0.0,L,2,Thomas Chabot,OTT,1532.0
0,0,0, ,0,1,0,Lindgren,0,0,8479324,2,0,0.0,D,0,0,20242025,0,0,0.0,L,1,Ryan Lindgren,NYR,1054.0
0,0,0, ,0,1,0,Kleven,0,0,8482095,-2,0,0.0,D,0,0,20242025,0,0,0.0,L,1,Tyler Kleven,OTT,882.0
0,0,0,0.41666,0,1,0,Copp,0,0,8477429,0,0,0.0,C,0,0,20242025,0,0,0.0,L,2,Andrew Copp,DET,895.0
0,0,0,0.46666,0,1,0,Frost,0,0,8480028,0,0,0.0,C,0,0,20242025,0,0, ,L,0,Morgan Frost,PHI,1153.0
0,1,1, ,0,1,1,Chiarot,0,0,8475279,0,1,1.0,D,0,0,20242025,0,0,0.25,L,4,Ben Chiarot,DET,1416.0
0,0,0, ,0,1,0,Kane,0,0,8474141,-1,0,0.0,R,0,0,20242025,0,0,0.0,L,1,Patrick Kane,DET,943.0
0,0,0,0.26666,0,1,0,Compher,0,0,8477456,-1,0,0.0,L,0,0,20242025,0,0, ,R,0,J.T. Compher,DET,996.0
0,0,0, ,0,1,0,Drysdale,0,0,8482142,0,0,0.0,D,0,0,20242025,0,0, ,R,0,Jamie Drysdale,PHI,1210.0
0,0,0, ,0,1,0,Seider,0,0,8481542,-1,0,0.0,D,0,0,20242025,0,0,0.0,R,2,Moritz Seider,DET,1640.0
0,1,1, ,1,1,1,Ristolainen,1,0,8477499,1,1,1.0,D,0,0,20242025,0,0,0.25,R,4,Rasmus Ristolainen,PHI,1241.0
0,0,0, ,0,1,0,DeBrincat,0,0,8479337,-2,0,0.0,R,0,0,20242025,0,0,0.0,R,3,Alex DeBrincat,DET,930.0
0,0,0,0.66666,0,1,0,Rasmussen,0,0,8479992,0,0,0.0,C,0,0,20242025,0,0,0.0,L,1,Michael Rasmussen,DET,817.0
1,0,1,0.81818,0,1,0,Couturier,0,0,8476461,1,1,1.0,C,0,0,20242025,0,0,0.0,L,2,Sean Couturier,PHI,987.0
0,0,0, ,0,1,0,York,0,0,8481546,0,0,0.0,D,0,0,20242025,0,0,0.0,L,1,Cam York,PHI,1217.0
0,0,0, ,0,1,0,Edvinsson,0,0,8482762,0,0,0.0,D,0,0,20242025,0,0,0.0,L,1,Simon Edvinsson,DET,1332.0
1,1,2, ,0,1,1,Farabee,0,0,8480797,2,2,2.0,L,0,0,20242025,0,0,1.0,L,1,Joel Farabee,PHI,886.0
1,0,1, ,0,1,0,Tippett,0,0,8480015,1,1,1.0,R,0,0,20242025,0,0, ,R,0,Owen Tippett,PHI,1231.0
0,0,0, ,0,1,0,Holl,0,0,8475718,0,0,0.0,D,0,0,20242025,0,0, ,R,0,Justin Holl,DET,992.0
0,0,0, ,0,1,0,Lycksell,0,0,8480245,0,0,0.0,R,0,0,20242025,0,0, ,L,0,Olle Lycksell,PHI,727.0
0,0,0, ,0,1,0,Brink,0,0,8481553,-1,0,0.0,R,0,0,20242025,0,0,0.0,R,3,Bobby Brink,PHI,1003.0
0,0,0, ,0,1,0,Zamula,0,0,8481178,0,0,0.0,D,0,0,20242025,0,0,0.0,L,1,Egor Zamula,PHI,1116.0
0,0,0, ,0,1,0,Foerster,0,0,8482159,-1,0,0.0,R,0,0,20242025,0,0, ,R,0,Tyson Foerster,PHI,880.0
1,0,1, ,0,1,0,Raymond,0,0,8482078,1,1,1.0,L,0,0,20242025,0,0,0.0,R,2,Lucas Raymond,DET,1063.0
0,0,0, ,0,1,0,Sanheim,0,0,8477948,0,0,0.0,D,0,0,20242025,0,0,0.0,L,3,Travis Sanheim,PHI,1468.0
0,0,0,0.0,0,1,0,Hathaway,0,0,8477903,0,0,0.0,R,0,0,20242025,0,0,0.0,R,1,Garnet Hathaway,PHI,731.0
0,0,0, ,0,1,0,Berggren,0,0,8481013,0,0,0.0,R,0,0,20242025,0,0, ,L,0,Jonatan Berggren,DET,823.0
0,0,0, ,0,1,0,Gustafsson,0,0,8476979,0,0,0.0,D,0,0,20242025,0,0,0.0,L,1,Erik Gustafsson,DET,953.0
0,0,0, ,0,1,0,Fischer,0,0,8478432,0,0,0.0,R,0,0,20242025,0,0, ,R,0,Christian Fischer,DET,923.0
0,0,0, ,0,1,0,Konecny,0,0,8478439,0,0,0.0,R,0,0,20242025,0,0,0.0,R,1,Travis Konecny,PHI,1266.0
0,0,0, ,0,1,0,Johansson,0,0,8481607,0,0,0.0,D,0,0,20242025,0,0,0.0,L,2,Albert Johansson,DET,1153.0
1,0,1,0.76923,0,1,0,Larkin,0,2,8477946,1,1,1.0,C,0,0,20242025,0,0,0.0,L,6,Dylan Larkin,DET,1153.0
0,0,0, ,0,1,0,Kasper,0,0,8483464,1,0,0.0,C,0,0,20242025,0,0,0.0,L,2,Marco Kasper,DET,948.0
1,0,1, ,0,1,0,Michkov,0,0,8484387,1,1,1.0,R,0,0,20242025,0,0,0.0,L,4,Matvei Michkov,PHI,944.0
0,0,0, ,0,1,0,Seeler,0,0,8476372,0,0,0.0,D,0,0,20242025,0,0, ,L,0,Nick Seeler,PHI,1161.0
0,0,0, ,0,1,0,Soderblom,0,0,8481725,0,0,0.0,L,0,0,20242025,0,0,0.0,L,1,Elmer Soderblom,DET,834.0
0,0,0,0.2,0,1,0,Abols,0,0,8479022,0,0,0.0,C,0,0,20242025,0,0,0.0,L,2,Rodrigo Abols,PHI,639.0
0,0,0,0.42857,0,1,0,Cates,0,0,8480220,-1,0,0.0,L,0,0,20242025,0,0,0.0,L,3,Noah Cates,PHI,962.0
0,0,0, ,0,1,0,Tarasenko,0,0,8475765,-1,0,0.0,R,0,0,20242025,0,0, ,L,0,Vladimir Tarasenko,DET,891.0
0,0,0,0.4,0,1,1,Svechkov,0,0,8482768,1,1,1.0,C,1,1,20242025,0,0,0.25,L,4,Fedor Svechkov,NSH,808.0
0,0,0, ,0,1,0,Kovalenko,0,0,8481042,-1,0,0.0,R,0,0,20242025,0,0, ,L,0,Nikolai Kovalenko,COL,696.0
0,0,0, ,0,1,0,Smith,0,0,8482062,-2,0,0.0,R,0,0,20242025,0,0, ,L,0,Cole Smith,NSH,867.0
1,0,1,0.0,0,1,0,Smith,0,2,8484227,1,1,1.0,C,0,0,20242025,0,0, ,R,0,Will Smith,SJS,891.0
0,0,0,0.0,0,1,0,Nyquist,0,0,8474679,-1,0,0.0,R,0,0,20242025,0,0, ,L,0,Gustav Nyquist,NSH,919.0
0,0,0, ,0,1,0,Hinostroza,0,2,8476994,-1,0,0.0,C,0,0,20242025,0,0,0.0,R,1,Vinnie Hinostroza,NSH,518.0
0,0,0, ,0,1,0,Liljegren,0,0,8480043,-1,0,0.0,D,0,0,20242025,0,0,0.0,R,2,Timothy Liljegren,TOR,1151.0
2,1,2, ,0,1,1,Novak,0,0,8478438,2,3,3.0,C,0,1,20242025,0,0,0.5,L,2,Tommy Novak,NSH,808.0
0,0,0, ,0,1,0,Grundstrom,0,0,8479336,-1,0,0.0,R,0,0,20242025,0,0, ,L,0,Carl Grundstrom,SJS,386.0
0,0,0,0.38888,0,1,0,O'Reilly,0,0,8475158,-1,0,0.0,C,0,0,20242025,0,0,0.0,L,3,Ryan O'Reilly,NSH,1075.0
0,1,1,0.5,0,1,2,Granlund,0,0,8475798,-1,2,2.0,C,1,1,20242025,0,0,0.66666,L,3,Mikael Granlund,SJS,1181.0
0,0,0, ,0,1,0,Ferraro,0,0,8479983,-1,0,0.0,D,0,0,20242025,0,0,0.0,L,2,Mario Ferraro,SJS,1259.0
0,0,0, ,0,1,0,Skjei,0,2,8476869,-1,0,0.0,D,0,0,20242025,0,0,0.0,L,2,Brady Skjei,NSH,1157.0
3,1,3,0.0,0,1,1,Marchessault,0,0,8476539,1,4,4.0,R,0,1,20242025,0,0,0.25,R,4,Jonathan Marchessault,NSH,1100.0
0,0,0, ,0,1,0,Thrun,0,0,8481567,-1,0,0.0,D,0,0,20242025,0,0, ,L,0,Henry Thrun,SJS,969.0
1,0,1,1.0,0,1,0,Zetterlund,0,0,8480188,1,1,1.0,L,0,0,20242025,0,0,0.0,R,2,Fabian Zetterlund,SJS,1025.0
0,0,0,0.66666,0,1,0,Dellandrea,0,0,8480848,-1,0,0.0,C,0,0,20242025,0,0, ,R,0,Ty Dellandrea,SJS,517.0
1,0,1, ,0,1,0,Schenn,0,0,8474568,2,1,1.0,D,0,0,20242025,0,0,0.0,R,2,Luke Schenn,NSH,988.0
1,0,1,0.42857,0,1,0,Wennberg,0,0,8477505,0,1,1.0,C,0,0,20242025,0,0,0.0,L,1,Alexander Wennberg,SJS,1271.0
1,0,1,0.66666,0,1,0,Stamkos,0,2,8474564,1,1,1.0,C,0,0,20242025,0,0,0.0,R,3,Steven Stamkos,NSH,1033.0
1,0,0,0.66666,0,1,0,Sissons,0,0,8476925,0,1,1.0,C,0,1,20242025,0,0, ,R,0,Colton Sissons,NSH,932.0
1,0,1, ,0,1,0,L'Heureux,0,0,8482742,1,1,1.0,L,0,0,20242025,0,0,0.0,L,2,Zachary L'Heureux,NSH,730.0
0,0,0,0.46153,0,1,0,McCarron,0,0,8477446,0,0,0.0,C,0,0,20242025,0,0,0.0,R,2,Michael McCarron,NSH,838.0
1,0,1, ,0,1,0,Wilsby,0,2,8482482,3,1,1.0,D,0,0,20242025,0,0, ,L,0,Adam Wilsby,NSH,968.0
0,0,0, ,0,1,0,Graf,0,0,8484911,-1,0,0.0,R,0,0,20242025,0,0, ,R,0,Collin Graf,SJS,960.0
0,1,1, ,0,1,1,Barron,0,0,8482111,-1,1,1.0,D,0,0,20242025,0,0,0.2,R,5,Justin Barron,MTL,1116.0
1,1,1,0.57142,0,1,1,Celebrini,0,0,8484801,0,2,2.0,C,0,1,20242025,0,0,0.33333,L,3,Macklin Celebrini,SJS,1198.0
1,0,1, ,0,1,1,Josi,0,0,8474600,-1,2,2.0,D,1,1,20242025,0,0,0.16666,L,6,Roman Josi,NSH,1504.0
0,0,0,0.66666,0,1,0,Goodrow,0,0,8476624,-1,0,0.0,C,0,0,20242025,0,0,0.0,L,1,Barclay Goodrow,SJS,633.0
2,0,1, ,0,1,0,Eklund,0,2,8482667,-1,2,2.0,L,0,1,20242025,0,0,0.0,L,3,William Eklund,SJS,1224.0
0,1,1, ,1,1,1,Blankenburg,0,0,8483565,0,1,1.0,D,0,0,20242025,0,0,0.5,R,2,Nick Blankenburg,NSH,1199.0
0,0,0, ,0,1,0,Rutta,0,0,8480172,-1,0,0.0,D,0,0,20242025,0,0, ,R,0,Jan Rutta,SJS,867.0
0,1,1,0.5,0,1,1,Kunin,0,0,8479316,0,1,1.0,C,0,0,20242025,0,0,0.33333,R,3,Luke Kunin,SJS,1057.0
2,0,2, ,0,1,0,Ceci,0,0,8476879,2,2,2.0,D,0,0,20242025,0,0,0.0,R,1,Cody Ceci,SJS,1166.0
2,1,2, ,0,1,1,Forsberg,0,0,8476887,2,3,3.0,L,0,1,20242025,0,0,0.33333,R,3,Filip Forsberg,NSH,1072.0
0,1,1, ,0,1,1,Walman,0,2,8478013,1,1,1.0,D,0,0,20242025,0,0,0.33333,L,3,Jake Walman,SJS,1324.0
1,0,1,0.0,0,1,0,Necas,0,0,8480039,1,1,1.0,C,0,0,20242025,0,0,0.0,R,1,Martin Necas,CAR,982.0
0,0,0, ,0,1,0,Svechnikov,0,4,8480830,0,0,0.0,R,0,0,20242025,0,0,0.0,L,1,Andrei Svechnikov,CAR,1105.0
0,0,0,1.0,0,1,0,Robertson,0,0,8480027,-1,0,0.0,L,0,0,20242025,0,0,0.0,L,5,Jason Robertson,DAL,1162.0
0,0,0,0.2,0,1,0,Duchene,0,0,8475168,0,0,0.0,C,0,0,20242025,0,0,0.0,L,1,Matt Duchene,DAL,1207.0
0,0,0, ,0,1,0,Blümel,0,0,8481712,0,0,0.0,R,0,0,20242025,0,0, ,L,0,Matj Blümel,DAL,302.0
0,0,0, ,0,1,0,Smith,0,2,8474090,-1,0,0.0,D,0,0,20242025,0,0, ,L,0,Brendan Smith,DAL,638.0
0,0,0,0.5,0,1,0,Benn,0,2,8473994,0,0,0.0,L,0,0,20242025,0,0,0.0,L,2,Jamie Benn,DAL,1088.0
0,0,0, ,0,1,0,Dadonov,0,0,8474149,-1,0,0.0,R,0,0,20242025,0,0,0.0,L,2,Evgenii Dadonov,DAL,846.0
0,0,0, ,0,1,0,Blake,0,0,8482809,0,0,0.0,R,0,0,20242025,0,0, ,R,0,Jackson Blake,CAR,1055.0
0,0,0, ,0,1,0,Burns,0,0,8470613,-1,0,0.0,D,0,0,20242025,0,0,0.0,R,2,Brent Burns,CAR,1334.0
0,0,0,1.0,0,1,0,Roslovic,0,0,8478458,0,0,0.0,C,0,0,20242025,0,0,0.0,R,1,Jack Roslovic,CAR,504.0
0,0,0,0.57142,0,1,0,Blackwell,0,0,8476278,0,0,0.0,C,0,0,20242025,0,0,0.0,R,2,Colin Blackwell,DAL,609.0
0,0,0,0.75,0,1,0,Bourque,0,0,8482145,0,0,0.0,C,0,0,20242025,0,0,0.0,R,2,Mavrik Bourque,DAL,974.0
0,0,0,0.0,0,1,0,Martinook,0,0,8476921,0,0,0.0,L,0,0,20242025,0,0, ,L,0,Jordan Martinook,CAR,1074.0
0,2,2,0.71428,1,1,2,Kotkaniemi,0,0,8480829,1,2,2.0,C,0,0,20242025,0,0,0.66666,L,3,Jesperi Kotkaniemi,CAR,776.0
0,0,0, ,0,1,0,Orlov,0,0,8475200,-1,0,0.0,D,0,0,20242025,0,0,0.0,L,1,Dmitry Orlov,CAR,1120.0
0,0,0, ,0,1,0,Steel,0,2,8479351,0,0,0.0,C,0,0,20242025,0,0,0.0,L,1,Sam Steel,DAL,975.0
1,0,1,0.27272,0,1,0,Johnston,0,0,8482740,0,1,1.0,C,0,0,20242025,0,0, ,R,0,Wyatt Johnston,DAL,1121.0
0,0,0,0.4,0,1,0,Aho,0,0,8478427,0,0,0.0,C,0,0,20242025,0,0, ,L,0,Sebastian Aho,CAR,1279.0
0,0,0,0.52631,0,1,0,Staal,0,0,8473533,0,0,0.0,C,0,0,20242025,0,0,0.0,L,1,Jordan Staal,CAR,997.0
0,0,0, ,0,1,0,Jaaska,0,0,8484929,0,0,0.0,L,0,0,20242025,0,0,0.0,L,1,Juha Jaaska,CAR,394.0
0,0,0, ,0,1,0,Chatfield,0,0,8478970,0,0,0.0,D,0,0,20242025,0,0, ,R,0,Jalen Chatfield,CAR,1247.0
0,0,0,0.33333,0,1,0,Drury,0,0,8480835,0,0,0.0,C,0,0,20242025,0,0, ,L,0,Jack Drury,CAR,584.0
0,0,0, ,0,1,0,Slavin,0,0,8476958,0,0,0.0,D,0,0,20242025,0,0, ,L,0,Jaccob Slavin,CAR,1535.0
1,0,1, ,0,1,0,Walker,0,2,8480336,2,1,1.0,D,0,0,20242025,0,0,0.0,R,6,Sean Walker,CAR,904.0
1,0,1,0.0,0,1,0,Robinson,0,0,8480762,1,1,1.0,L,0,0,20242025,0,0, ,L,0,Eric Robinson,CAR,796.0
0,0,0, ,0,1,0,Lindell,0,0,8476902,0,0,0.0,D,0,0,20242025,0,0, ,L,0,Esa Lindell,DAL,1418.0
0,0,0,1.0,0,1,0,Jarvis,0,0,8482093,0,0,0.0,C,0,0,20242025,0,0,0.0,R,1,Seth Jarvis,CAR,1102.0
0,0,0, ,0,1,0,Lundkvist,0,0,8480878,-1,0,0.0,D,0,0,20242025,0,0,0.0,R,1,Nils Lundkvist,DAL,728.0
0,0,0,0.5,0,1,0,Bäck,0,0,8480840,0,0,0.0,C,0,0,20242025,0,0, ,L,0,Oskar Bäck,DAL,614.0
0,0,0, ,0,1,0,Gostisbehere,0,0,8476906,2,0,0.0,D,0,0,20242025,0,0,0.0,L,1,Shayne Gostisbehere,CAR,858.0
0,1,1, ,0,1,1,Harley,0,0,8481581,0,1,1.0,D,0,0,20242025,0,0,0.5,L,2,Thomas Harley,DAL,1323.0
0,0,0,0.875,0,1,0,Hintz,0,0,8478449,0,0,0.0,C,0,0,20242025,0,0,0.0,L,3,Roope Hintz,DAL,1160.0
1,0,1, ,0,1,0,Heiskanen,0,0,8480036,0,1,1.0,D,0,0,20242025,0,0, ,L,0,Miro Heiskanen,DAL,1592.0
0,0,0, ,0,1,0,Lyubushkin,0,0,8480950,0,0,0.0,D,0,0,20242025,0,0, ,R,0,Ilya Lyubushkin,DAL,1100.0
0,0,0,0.5,0,1,0,Stankoven,0,0,8482702,-1,0,0.0,C,0,0,20242025,0,0,0.0,R,2,Logan Stankoven,DAL,902.0
0,0,0, ,0,1,0,Skinner,0,0,8475784,0,0,0.0,L,0,0,20242025,0,0,0.0,L,2,Jeff Skinner,EDM,724.0
1,0,1,0.0,0,1,0,Podkolzin,0,0,8481617,-2,1,1.0,R,0,0,20242025,0,0,0.0,L,2,Vasily Podkolzin,EDM,793.0
0,0,0, ,0,1,0,Kapanen,0,0,8477953,-1,0,0.0,R,0,0,20242025,0,0,0.0,R,1,Kasperi Kapanen,STL,608.0
1,1,2,0.61904,0,1,1,Draisaitl,0,0,8477934,-1,2,2.0,C,0,0,20242025,0,0,0.25,L,4,Leon Draisaitl,EDM,1421.0
0,1,1, ,0,1,1,Roy,0,0,8478911,2,1,1.0,D,0,0,20242025,0,0,1.0,R,1,Matt Roy,WSH,1200.0
1,0,1,0.5,0,1,0,Eller,0,0,8474189,0,1,1.0,C,0,0,20242025,0,0,0.0,L,1,Lars Eller,PIT,603.0
1,0,1, ,0,1,0,McMichael,0,0,8481580,2,1,1.0,C,0,0,20242025,0,0, ,L,0,Connor McMichael,WSH,855.0
0,0,0, ,0,1,0,Ovechkin,0,0,8471214,0,0,0.0,L,0,0,20242025,0,0,0.0,R,3,Alex Ovechkin,WSH,1010.0
0,0,0,0.375,0,1,0,Strome,0,0,8478440,0,0,0.0,C,0,0,20242025,0,0,0.0,L,1,Dylan Strome,WSH,946.0
0,0,0, ,0,1,0,van Riemsdyk,0,0,8477845,-1,0,0.0,D,0,0,20242025,0,0, ,R,0,Trevor van Riemsdyk,WSH,1050.0
0,0,0, ,0,1,0,Kulak,0,0,8476967,-1,0,0.0,D,0,0,20242025,0,0, ,L,0,Brett Kulak,EDM,1188.0
0,0,0, ,0,1,0,Mangiapane,0,0,8478233,0,0,0.0,L,0,0,20242025,0,0,0.0,L,2,Andrew Mangiapane,WSH,951.0
1,1,2,0.58823,1,1,1,Dubois,0,4,8479400,2,2,2.0,L,0,0,20242025,0,0,0.5,L,2,Pierre-Luc Dubois,WSH,930.0
0,0,0, ,0,1,0,Bouchard,0,0,8480803,-1,0,0.0,D,0,0,20242025,0,0,0.0,R,1,Evan Bouchard,EDM,1387.0
0,0,0,0.66666,0,1,0,Nugent-Hopkins,0,0,8476454,0,0,0.0,C,0,0,20242025,0,0,0.0,L,2,Ryan Nugent-Hopkins,EDM,1286.0
0,1,1, ,0,1,1,Perry,0,0,8470621,1,1,1.0,R,0,0,20242025,0,0,0.5,R,2,Corey Perry,EDM,842.0
0,0,0,0.6,0,1,0,Henrique,0,0,8474641,0,0,0.0,C,0,0,20242025,0,0,0.0,L,2,Adam Henrique,EDM,845.0
0,0,0, ,0,1,0,Hyman,0,0,8475786,1,0,0.0,L,0,0,20242025,0,0,0.0,R,1,Zach Hyman,EDM,1242.0
0,0,0, ,0,1,0,Duhaime,0,0,8479520,0,0,0.0,R,0,0,20242025,0,0,0.0,L,2,Brandon Duhaime,WSH,987.0
1,0,1, ,0,1,0,Carlson,0,2,8474590,0,1,1.0,D,0,0,20242025,0,0, ,R,0,John Carlson,WSH,1363.0
0,0,0, ,0,1,0,Chychrun,0,0,8479345,0,0,0.0,D,0,0,20242025,0,0, ,L,0,Jakob Chychrun,WSH,1182.0
0,0,0,0.33333,0,1,0,Janmark,0,0,8477406,0,0,0.0,C,0,0,20242025,0,0,0.0,L,2,Mattias Janmark,EDM,889.0
0,0,0, ,0,1,0,Sandin,0,0,8480873,1,0,0.0,D,0,0,20242025,0,0, ,L,0,Rasmus Sandin,WSH,1055.0
0,0,0,0.35714,0,1,0,Dowd,0,0,8475343,0,0,0.0,C,0,0,20242025,0,0, ,R,0,Nic Dowd,WSH,1054.0
0,0,0,0.0,0,1,0,Philp,0,0,8481491,0,0,0.0,C,0,0,20242025,0,0, ,R,0,Noah Philp,EDM,315.0
0,0,0, ,0,1,0,Raddysh,0,0,8479390,-1,0,0.0,R,0,0,20242025,0,0, ,R,0,Taylor Raddysh,WSH,532.0
0,0,0, ,0,1,0,Brown,0,0,8477015,0,0,0.0,R,0,0,20242025,0,0,0.0,R,4,Connor Brown,EDM,794.0
1,0,1, ,0,1,0,Protas,0,0,8481656,0,1,1.0,C,0,0,20242025,0,0,0.0,L,1,Aliaksei Protas,WSH,1076.0
1,0,1, ,0,1,0,Nurse,0,4,8477498,-1,1,1.0,D,0,0,20242025,0,0,0.0,L,2,Darnell Nurse,EDM,1379.0
0,0,0, ,0,1,0,Frank,0,0,8483573,0,0,0.0,C,0,0,20242025,0,0, ,R,0,Ethen Frank,WSH,455.0
0,1,1, ,0,1,1,Wilson,0,0,8476880,0,1,1.0,R,0,0,20242025,0,0,1.0,R,1,Tom Wilson,WSH,1108.0
0,0,0, ,0,1,0,Stecher,0,0,8479442,-1,0,0.0,D,0,0,20242025,0,0, ,R,0,Troy Stecher,EDM,839.0
0,0,0, ,0,1,0,Emberson,0,2,8480834,1,0,0.0,D,0,0,20242025,0,0,0.0,R,1,Ty Emberson,EDM,841.0
0,0,0, ,0,1,0,Ekholm,0,0,8475218,0,0,0.0,D,0,0,20242025,0,0,0.0,L,1,Mattias Ekholm,EDM,1374.0
0,0,0, ,0,1,0,Arvidsson,0,0,8478042,0,0,0.0,L,0,0,20242025,0,0,0.0,R,5,Viktor Arvidsson,EDM,1000.0
0,0,0, ,0,1,0,Fehervary,0,0,8480796,0,0,0.0,D,0,0,20242025,0,0, ,L,0,Martin Fehervary,WSH,1294.0
0,0,0, ,0,1,0,Forbort,0,0,8475762,0,0,0.0,D,0,0,20242025,0,0,0.0,L,1,Derek Forbort,VAN,1035.0
0,0,0,1.0,0,1,0,Lafferty,0,0,8478043,-1,0,0.0,C,0,0,20242025,0,0, ,R,0,Sam Lafferty,BUF,388.0
0,0,0, ,0,1,0,Suter,0,0,8480459,0,0,0.0,C,0,0,20242025,0,0,0.0,L,1,Pius Suter,VAN,1067.0
1,0,1, ,0,1,0,Soucy,0,2,8477369,1,1,1.0,D,0,0,20242025,0,0,0.0,L,2,Carson Soucy,VAN,1059.0
0,0,0, ,0,1,0,Power,0,0,8482671,0,0,0.0,D,0,0,20242025,0,0,0.0,L,1,Owen Power,BUF,1381.0
0,0,0,0.66666,0,1,0,Kozak,0,0,8482896,0,0,0.0,C,0,0,20242025,0,0, ,L,0,Tyson Kozak,BUF,966.0
0,0,0,0.5,0,1,0,Cozens,0,0,8481528,0,0,0.0,C,0,0,20242025,0,0,0.0,R,3,Dylan Cozens,BUF,998.0
1,0,1, ,0,1,0,Boeser,0,0,8478444,-1,1,1.0,R,0,0,20242025,0,0,0.0,R,8,Brock Boeser,VAN,1048.0
0,0,0,0.0,0,1,0,Tuch,0,0,8477949,0,0,0.0,R,0,0,20242025,0,0,0.0,R,2,Alex Tuch,BUF,1187.0
0,0,0, ,0,1,0,Hoglander,0,0,8481535,1,0,0.0,L,0,0,20242025,0,0, ,L,0,Nils Hoglander,VAN,577.0
0,0,0, ,0,1,0,Garland,0,0,8478856,0,0,0.0,R,0,0,20242025,0,0,0.0,R,1,Conor Garland,VAN,1158.0
0,1,1,0.0,0,1,1,Thompson,0,0,8479420,2,1,1.0,C,0,0,20242025,0,0,0.2,R,5,Tage Thompson,BUF,1157.0
1,0,1, ,0,1,0,Hughes,0,2,8480800,-2,1,1.0,D,0,0,20242025,0,0,0.0,L,2,Quinn Hughes,VAN,1570.0
1,0,1,0.66666,0,1,0,Miller,0,0,8476468,1,1,1.0,C,0,0,20242025,0,0,0.0,L,4,J.T. Miller,VAN,1214.0
0,0,0, ,0,1,0,Friedman,0,0,8478017,-1,0,0.0,D,0,0,20242025,0,0,0.0,R,1,Mark Friedman,VAN,901.0
0,0,0,0.61538,0,1,0,Krebs,0,0,8481522,0,0,0.0,C,0,0,20242025,0,0,0.0,L,3,Peyton Krebs,BUF,1302.0
0,0,0,0.5,0,1,0,Blueger,0,0,8476927,-1,0,0.0,C,0,0,20242025,0,0,0.0,L,1,Teddy Blueger,VAN,812.0
0,1,1,0.33333,0,1,1,Pettersson,0,0,8480012,-1,1,1.0,C,0,0,20242025,0,0,0.33333,L,3,Elias Pettersson,VAN,1074.0
0,0,0,0.0,0,1,0,Heinen,0,0,8478046,-2,0,0.0,L,0,0,20242025,0,0,0.0,L,1,Danton Heinen,VAN,843.0
2,1,3,0.45,0,1,1,Kulich,0,0,8483468,1,3,3.0,C,0,0,20242025,0,0,0.33333,L,3,Jiri Kulich,BUF,1067.0
0,0,0,0.0,0,1,0,Sasson,0,0,8484136,0,0,0.0,C,0,0,20242025,0,0, ,L,0,Max Sasson,VAN,581.0
0,0,0, ,0,1,0,Byram,0,0,8481524,3,0,0.0,D,0,0,20242025,0,0,0.0,L,1,Bowen Byram,BUF,1364.0
2,0,2, ,0,1,0,Dahlin,0,0,8480839,3,2,2.0,D,0,0,20242025,0,0,0.0,L,1,Rasmus Dahlin,BUF,1390.0
0,0,0, ,0,1,0,Clifton,0,0,8477365,-2,0,0.0,D,0,0,20242025,0,0, ,R,0,Connor Clifton,BUF,664.0
0,0,0,0.0,0,1,0,Benson,0,0,8484145,0,0,0.0,L,0,0,20242025,0,0, ,L,0,Zach Benson,BUF,1041.0
0,0,0, ,0,1,0,Samuelsson,0,0,8480807,0,0,0.0,D,0,0,20242025,0,0, ,L,0,Mattias Samuelsson,BUF,1090.0
0,0,0, ,0,1,0,Jokiharju,0,0,8480035,0,0,0.0,D,0,0,20242025,0,0,0.0,R,1,Henri Jokiharju,BUF,603.0
1,1,2, ,1,1,1,Peterka,0,0,8482175,1,2,2.0,R,0,0,20242025,0,0,0.25,L,4,JJ Peterka,BUF,1268.0
0,0,0,0.0,0,1,0,Sherwood,0,0,8480748,-1,0,0.0,L,0,0,20242025,0,0,0.0,R,2,Kiefer Sherwood,VAN,927.0
0,0,0, ,0,1,0,Hronek,0,0,8479425,-1,0,0.0,D,0,0,20242025,0,0,0.0,R,4,Filip Hronek,VAN,1411.0
0,0,0,1.0,0,1,0,Quinn,0,2,8482097,0,0,0.0,R,0,0,20242025,0,0,0.0,R,1,Jack Quinn,BUF,1078.0
0,0,0, ,0,1,0,Gilbert,0,0,8478502,-2,0,0.0,D,0,0,20242025,0,0, ,L,0,Dennis Gilbert,BUF,468.0
0,1,1, ,0,1,1,Di Giuseppe,0,0,8476858,1,1,1.0,L,0,0,20242025,0,0,1.0,L,1,Phillip Di Giuseppe,VAN,618.0
0,0,0, ,0,1,0,Malenstyn,0,0,8479359,0,0,0.0,L,0,0,20242025,0,0,0.0,L,1,Beck Malenstyn,BUF,468.0
0,0,0, ,0,1,0,Desharnais,0,0,8479576,1,0,0.0,D,0,0,20242025,0,0, ,R,0,Vincent Desharnais,VAN,1059.0
0,0,0, ,0,1,0,DeBrusk,0,0,8478498,0,0,0.0,L,0,0,20242025,0,0,0.0,L,2,Jake DeBrusk,VAN,911.0
0,0,0, ,0,1,0,LaCombe,0,0,8481605,0,0,0.0,D,0,0,20242025,0,0,0.0,L,2,Jackson LaCombe,ANA,1392.0
0,0,0, ,0,1,0,Boqvist,0,0,8480003,0,0,0.0,C,0,0,20242025,0,0, ,L,0,Jesper Boqvist,FLA,875.0
1,0,0,0.1875,0,1,0,Strome,0,0,8476458,-1,1,1.0,C,0,1,20242025,0,0,0.0,R,1,Ryan Strome,ANA,974.0
1,0,1, ,0,1,0,Gudas,0,0,8475462,-1,1,1.0,D,0,0,20242025,0,0,0.0,R,4,Radko Gudas,ANA,1405.0
0,0,0, ,0,1,0,Zellweger,0,0,8482803,-2,0,0.0,D,0,0,20242025,0,0, ,L,0,Olen Zellweger,ANA,866.0
0,0,0, ,0,1,0,Trouba,0,2,8476885,-2,0,0.0,D,0,0,20242025,0,0,0.0,R,1,Jacob Trouba,NYR,1257.0
0,0,0, ,0,1,0,Killorn,0,0,8473986,-2,0,0.0,L,0,0,20242025,0,0,0.0,L,2,Alex Killorn,ANA,1036.0
0,1,1, ,0,1,1,Balinskis,0,0,8484304,2,1,1.0,D,0,0,20242025,0,0,1.0,L,1,Uvis Balinskis,FLA,999.0
0,1,1,0.4,0,1,1,Rodrigues,0,2,8478542,2,1,1.0,C,0,0,20242025,0,0,0.5,R,2,Evan Rodrigues,FLA,762.0
0,0,0,0.6,0,1,0,Carlsson,0,0,8484153,-2,0,0.0,C,0,0,20242025,0,0,0.0,L,1,Leo Carlsson,ANA,937.0
1,1,2, ,1,1,1,Verhaeghe,0,0,8477409,2,2,2.0,C,0,0,20242025,0,0,0.2,L,5,Carter Verhaeghe,FLA,884.0
0,0,0, ,0,1,0,Gauthier,0,0,8483445,-1,0,0.0,L,0,0,20242025,0,0,0.0,L,3,Cutter Gauthier,ANA,933.0
1,0,0, ,0,1,0,Terry,0,0,8478873,-1,1,1.0,R,0,1,20242025,0,0,0.0,R,1,Troy Terry,ANA,1031.0
0,0,0,0.8,0,1,0,Lundell,0,0,8482113,0,0,0.0,C,0,0,20242025,0,0,0.0,L,2,Anton Lundell,FLA,918.0
0,0,0, ,0,1,0,Schmidt,0,0,8477220,1,0,0.0,D,0,0,20242025,0,0,0.0,L,2,Nate Schmidt,FLA,1331.0
0,0,0, ,0,1,0,Dumoulin,0,0,8475208,-1,0,0.0,D,0,0,20242025,0,0,0.0,L,1,Brian Dumoulin,ANA,1071.0
0,0,0,0.5,0,1,0,Fabbri,0,4,8477952,0,0,0.0,C,0,0,20242025,0,0,0.0,L,1,Robby Fabbri,ANA,941.0
0,0,0, ,0,1,0,Leason,0,0,8481517,-1,0,0.0,R,0,0,20242025,0,0, ,R,0,Brett Leason,ANA,683.0
0,0,0,0.46153,0,1,0,Harkins,0,0,8478424,-1,0,0.0,C,0,0,20242025,0,0, ,L,0,Jansen Harkins,ANA,701.0
0,0,0,0.33333,0,1,1,Vatrano,0,0,8478366,-1,1,1.0,R,1,1,20242025,0,0,0.33333,L,3,Frank Vatrano,ANA,1020.0
0,0,0, ,0,1,0,Bjornfot,0,0,8481600,2,0,0.0,D,0,0,20242025,0,0,0.0,L,1,Tobias Bjornfot,FLA,962.0
1,0,1, ,0,1,0,Tkachuk,0,0,8479314,1,1,1.0,L,0,0,20242025,0,0,0.0,L,1,Matthew Tkachuk,FLA,1108.0
0,0,0, ,0,1,0,Luostarinen,0,0,8480185,0,0,0.0,C,0,0,20242025,0,0,0.0,L,2,Eetu Luostarinen,FLA,774.0
0,0,0, ,0,1,0,Kulikov,0,0,8475179,0,0,0.0,D,0,0,20242025,0,0, ,L,0,Dmitry Kulikov,FLA,1109.0
1,0,1,0.625,0,1,0,Barkov,0,0,8477493,1,1,1.0,C,0,0,20242025,0,0,0.0,L,1,Aleksander Barkov,FLA,1181.0
0,1,1,0.5,0,1,1,McTavish,0,0,8482745,0,1,1.0,C,0,0,20242025,0,0,0.5,L,2,Mason McTavish,ANA,948.0
0,0,0, ,0,1,0,Zegras,0,0,8481533,-2,0,0.0,C,0,0,20242025,0,0,0.0,L,4,Trevor Zegras,ANA,948.0
0,0,0, ,0,1,0,Mintyukov,0,0,8483490,-2,0,0.0,D,0,0,20242025,0,0,0.0,L,3,Pavel Mintyukov,ANA,1015.0
0,1,1,0.5,0,1,1,Reinhart,0,0,8477933,1,1,1.0,C,0,0,20242025,0,0,0.25,R,4,Sam Reinhart,FLA,1123.0
0,1,1,0.55555,0,1,1,Bennett,0,2,8477935,1,1,1.0,C,0,0,20242025,0,0,0.33333,L,3,Sam Bennett,FLA,885.0
1,0,1, ,0,1,0,Greer,0,0,8478421,1,1,1.0,L,0,0,20242025,0,0, ,L,0,A.J. Greer,FLA,736.0
0,0,0, ,0,1,0,Forsling,0,0,8478055,1,0,0.0,D,0,0,20242025,0,0,0.0,L,2,Gustav Forsling,FLA,1211.0
2,0,2,0.25,0,1,0,Nosek,0,0,8477931,2,2,2.0,L,0,0,20242025,0,0, ,L,0,Tomas Nosek,FLA,799.0
1,0,1, ,0,1,0,Mikkola,0,0,8478859,2,1,1.0,D,0,0,20242025,0,0,0.0,L,2,Niko Mikkola,FLA,1264.0
2,0,2, ,0,1,0,Samoskevich,0,0,8482713,1,2,2.0,R,0,0,20242025,0,0,0.0,R,1,Mackie Samoskevich,FLA,858.0
0,0,0, ,0,1,0,Nesterenko,0,0,8481754,0,0,0.0,C,0,0,20242025,0,0,0.0,L,1,Nikita Nesterenko,ANA,491.0
